,Title,Rating,Price,Genre,Description
0,A Light in the Attic,Three,£51.77,Poetry,"It's hard to imagine a world without A Light in the Attic. This now-classic collection of poetry and drawings from Shel Silverstein celebrates its 20th anniversary with this special edition. Silverstein's humorous and creative verse can amuse the dowdiest of readers. Lemon-faced adults and fidgety kids sit still and read these rhythmic words and laugh and smile and love th It's hard to imagine a world without A Light in the Attic. This now-classic collection of poetry and drawings from Shel Silverstein celebrates its 20th anniversary with this special edition. Silverstein's humorous and creative verse can amuse the dowdiest of readers. Lemon-faced adults and fidgety kids sit still and read these rhythmic words and laugh and smile and love that Silverstein. Need proof of his genius? RockabyeRockabye baby, in the treetopDon't you know a treetopIs no safe place to rock?And who put you up there,And your cradle, too?Baby, I think someone down here'sGot it in for you. Shel, you never sounded so good. ...more"
1,Tipping the Velvet,One,£53.74,Historical Fiction,"""Erotic and absorbing...Written with starling power.""--""The New York Times Book Review "" Nan King, an oyster girl, is captivated by the music hall phenomenon Kitty Butler, a male impersonator extraordinaire treading the boards in Canterbury. Through a friend at the box office, Nan manages to visit all her shows and finally meet her heroine. Soon after, she becomes Kitty's ""Erotic and absorbing...Written with starling power.""--""The New York Times Book Review "" Nan King, an oyster girl, is captivated by the music hall phenomenon Kitty Butler, a male impersonator extraordinaire treading the boards in Canterbury. Through a friend at the box office, Nan manages to visit all her shows and finally meet her heroine. Soon after, she becomes Kitty's dresser and the two head for the bright lights of Leicester Square where they begin a glittering career as music-hall stars in an all-singing and dancing double act. At the same time, behind closed doors, they admit their attraction to each other and their affair begins. ...more"
2,Soumission,One,£50.10,Fiction,"Dans une France assez proche de la nÃ´tre, un homme sâengage dans la carriÃ¨re universitaire. Peu motivÃ© par lâenseignement, il sâattend Ã  une vie ennuyeuse mais calme, protÃ©gÃ©e des grands drames historiques. Cependant les forces en jeu dans le pays ont fissurÃ© le systÃ¨me politique jusquâÃ  provoquer son effondrement. Cette implosion sans soubresauts, sans vraie rÃ©volution, s Dans une France assez proche de la nÃ´tre, un homme sâengage dans la carriÃ¨re universitaire. Peu motivÃ© par lâenseignement, il sâattend Ã  une vie ennuyeuse mais calme, protÃ©gÃ©e des grands drames historiques. Cependant les forces en jeu dans le pays ont fissurÃ© le systÃ¨me politique jusquâÃ  provoquer son effondrement. Cette implosion sans soubresauts, sans vraie rÃ©volution, se dÃ©veloppe comme un mauvais rÃªve.Le talent de lâauteur, sa force visionnaire nous entraÃ®nent sur un terrain ambigu et glissant ; son regard sur notre civilisation vieillissante fait coexister dans ce roman les intuitions poÃ©tiques, les effets comiques, une mÃ©lancolie fataliste.Ce livre est une saisissante fable politique et morale. ...more"
3,Sharp Objects,Four,£47.82,Mystery,"WICKED above her hipbone, GIRL across her heart Words are like a road map to reporter Camille Preakerâs troubled past. Fresh from a brief stay at a psych hospital, Camilleâs first assignment from the second-rate daily paper where she works brings her reluctantly back to her hometown to cover the murders of two preteen girls. NASTY on her kneecap, BABYDOLL on her leg Since WICKED above her hipbone, GIRL across her heart Words are like a road map to reporter Camille Preakerâs troubled past. Fresh from a brief stay at a psych hospital, Camilleâs first assignment from the second-rate daily paper where she works brings her reluctantly back to her hometown to cover the murders of two preteen girls. NASTY on her kneecap, BABYDOLL on her leg Since she left town eight years ago, Camille has hardly spoken to her neurotic, hypochondriac mother or to the half-sister she barely knows: a beautiful thirteen-year-old with an eerie grip on the town. Now, installed again in her familyâs Victorian mansion, Camille is haunted by the childhood tragedy she has spent her whole life trying to cut from her memory. HARMFUL on her wrist, WHORE on her ankle As Camille works to uncover the truth about these violent crimes, she finds herself identifying with the young victimsâa bit too strongly. Clues keep leading to dead ends, forcing Camille to unravel the psychological puzzle of her own past to get at the story. Dogged by her own demons, Camille will have to confront what happened to her years before if she wants to survive this homecoming.With its taut, crafted writing, Sharp Objects is addictive, haunting, and unforgettable. ...more"
4,Sapiens: A Brief History of Humankind,Five,£54.23,History,"From a renowned historian comes a groundbreaking narrative of humanityâs creation and evolutionâa #1 international bestsellerâthat explores the ways in which biology and history have defined us and enhanced our understanding of what it means to be âhuman.âOne hundred thousand years ago, at least six different species of humans inhabited Earth. Yet today there is only oneâh From a renowned historian comes a groundbreaking narrative of humanityâs creation and evolutionâa #1 international bestsellerâthat explores the ways in which biology and history have defined us and enhanced our understanding of what it means to be âhuman.âOne hundred thousand years ago, at least six different species of humans inhabited Earth. Yet today there is only oneâhomo sapiens. What happened to the others? And what may happen to us?Most books about the history of humanity pursue either a historical or a biological approach, but Dr. Yuval Noah Harari breaks the mold with this highly original book that begins about 70,000 years ago with the appearance of modern cognition. From examining the role evolving humans have played in the global ecosystem to charting the rise of empires, Sapiens integrates history and science to reconsider accepted narratives, connect past developments with contemporary concerns, and examine specific events within the context of larger ideas.Dr. Harari also compels us to look ahead, because over the last few decades humans have begun to bend laws of natural selection that have governed life for the past four billion years. We are acquiring the ability to design not only the world around us, but also ourselves. Where is this leading us, and what do we want to become?Featuring 27 photographs, 6 maps, and 25 illustrations/diagrams, this provocative and insightful work is sure to spark debate and is essential reading for aficionados of Jared Diamond, James Gleick, Matt Ridley, Robert Wright, and Sharon Moalem. ...more"
5,The Requiem Red,One,£22.65,Young Adult,"Patient Twenty-nine.A monster roams the halls of Soothing Hills Asylum. Three girls dead. 29 is endowed with the curseâ¦or gift of perception. She hears messages in music, sees lyrics in paintings. And the corn. A lifetime asylum resident, the orchestral corn music is the only constant in her life.Mason, a new, kind orderly, sees 29 as a woman, not a lunatic. And as his bel Patient Twenty-nine.A monster roams the halls of Soothing Hills Asylum. Three girls dead. 29 is endowed with the curseâ¦or gift of perception. She hears messages in music, sees lyrics in paintings. And the corn. A lifetime asylum resident, the orchestral corn music is the only constant in her life.Mason, a new, kind orderly, sees 29 as a woman, not a lunatic. And as his belief in her grows, so does her self- confidence. That perhaps she might escape, might see the outside world. But the monster has other plans. The missing girls share one common thread...each was twenty-nine's cell mate. Will she be next? ...more"
6,The Dirty Little Secrets of Getting Your Dream Job,Four,£33.34,Business,"Drawing on his extensive experience evaluating applicants for his marketing agency, and featuring stories based on real-life situations, sample cover letters, resumes, and straightforward advice, Don Raskinâs The Dirty Little Secrets of Getting Your Dream Job offers all the necessary tools for navigating the tough job market and securing your dream job.Don Raskin owns and Drawing on his extensive experience evaluating applicants for his marketing agency, and featuring stories based on real-life situations, sample cover letters, resumes, and straightforward advice, Don Raskinâs The Dirty Little Secrets of Getting Your Dream Job offers all the necessary tools for navigating the tough job market and securing your dream job.Don Raskin owns and operates MME, an advertising and marketing agency in New York City. During his twenty-five years at the agency he has interviewed hundreds of new college graduates for positions within his agency and has placed a strong emphasis on entry-level recruitment for positions in creative, account management, traffic, and production. Raskin has also mentored countless students and their parents on best practices for the job search. Over the years, Raskin has kept exceptionally detailed notes on the interviews he has conducted, observing the good, the bad, the ridiculous, the irreverent. He also has a treasure trove of over-the-top cover letters, resumes, interviews, and post interview follow-ups he has conducted and received. Now, he wants to share all the wisdom and insider secrets he has gathered to help students and first-time job seekers find a job in this economy.Based on his remarkable expertise, Raskin's book provides exclusive insight into the job search process and lets readers in on all of the dirty little secrets to landing their first jobâor a new oneâand finding career success. ...more"
7,"The Coming Woman: A Novel Based on the Life of the Infamous Feminist, Victoria Woodhull",Three,£17.93,Default,"""If you have a heart, if you have a soul, Karen Hicks' The Coming Woman will make you fall in love with Victoria Woodhull.""-Kinky Friedman, author and Governor of the Heart of Texas ""What kind of confidence would it take for a woman to buck the old boy's club of politics in 1872? More than 140 years pre-Hillary, there was Victoria Woodhull. This book takes you back with a ""If you have a heart, if you have a soul, Karen Hicks' The Coming Woman will make you fall in love with Victoria Woodhull.""-Kinky Friedman, author and Governor of the Heart of Texas ""What kind of confidence would it take for a woman to buck the old boy's club of politics in 1872? More than 140 years pre-Hillary, there was Victoria Woodhull. This book takes you back with a breathtaking, present-tense bird's eye view into a time when women's liberation was primarily confined to one woman's very capable, independent mind. I couldn't put it down.""---Ruth Buzzi, Golden Globe Award winner and Television Hall of Fame inductee""Sadly, too many Americans have never heard of Victoria Woodhull, let alone learned of her story: her revolutionary campaign for the presidency at a time when women weren't even allowed to vote, her support for worker's rights, or her feminist commitment to equality, a century before the official battle over the Equal Rights Amendment. But in The Coming Woman, Karen Hicks brings Woodhull's efforts to life, and reminds us that some of our nation's greatest figures aren't always featured in the history books. It is a riveting account of an amazing woman and her struggle for justice and human dignity, told in an engaging and eminently readable style.""-Tim Wise, author, ""White Like Me: Reflections on Race from a Privileged Son""""The Coming Woman"" is a novel based on the life of feminist Victoria Woodhull, the first woman to run for U.S. President, 50 years before women could even vote!Running for President wasn't Victoria's only first as a woman. She was also the first to own a successful Wall Street firm, the first to publish a successful national newspaper, and the first to head the two-million-member Spiritualist Association. She was the first woman to enter the Senate Judiciary Committee chambers to petition for woman's suffrage, her argument changing the entire focus of the suffragist movement by pointing out that the 14th and 15th Amendments already gave women the vote.In her campaign for the Presidency, Victoria Woodhull boldly addressed many of the issues we still face today: equal pay for equal work; freedom in love; corporate greed and political corruption fueled by powerful lobbyists; and the increasing disparity between the rich and the poor, to name only a few. Her outspoken and common-sense ideas may shed a new perspective on the parallel conundrums of today's world.This bold, beautiful, and sexually progressive woman dared to take on society and religion. To make an example of the hypocrisy in what Mark Twain dubbed The Gilded Age, she exposed the extramarital affairs of the most popular religious figure of the day (Henry Ward Beecher). This led to her persecution and imprisonment and the longest, most infamous trial of the 19th century. But it did not stop her fight for equality.Victoria's epic story, set in the late 1800s, comes to life in a modern, fictional style, while staying true to the actual words and views of the many well-known characters. ...more"
8,The Boys in the Boat: Nine Americans and Their Epic Quest for Gold at the 1936 Berlin Olympics,Four,£22.60,Default,"For readers of Laura Hillenbrand's Seabiscuit and Unbroken, the dramatic story of the American rowing team that stunned the world at Hitler's 1936 Berlin Olympics Daniel James Brownâs robust book tells the story of the University of Washingtonâs 1936 eight-oar crew and their epic quest for an Olympic gold medal, a team that transformed the sport and grabbed the attention o For readers of Laura Hillenbrand's Seabiscuit and Unbroken, the dramatic story of the American rowing team that stunned the world at Hitler's 1936 Berlin Olympics Daniel James Brownâs robust book tells the story of the University of Washingtonâs 1936 eight-oar crew and their epic quest for an Olympic gold medal, a team that transformed the sport and grabbed the attention of millions of Americans. The sons of loggers, shipyard workers, and farmers, the boys defeated elite rivals first from eastern and British universities and finally the German crew rowing for Adolf Hitler in the Olympic games in Berlin, 1936. The emotional heart of the story lies with one rower, Joe Rantz, a teenager without family or prospects, who rows not for glory, but to regain his shattered self-regard and to find a place he can call home. The crew is assembledÂ  by an enigmatic coach and mentored by a visionary, eccentric British boat builder, but it is their trust in each other that makes them a victorious team. They remind the country of what can be done when everyone quite literally pulls togetherâa perfect melding of commitment, determination, and optimism. Drawing on the boysâ own diaries and journals, their photos and memories of a once-in-a-lifetime shared dream, The Boys in the Boat is an irresistible story about beating the odds and finding hope in the most desperate of timesâthe improbable, intimate story of nine working-class boys from the American west who, in the depths of the Great Depression, showed the world what true grit really meant. It will appeal to readers of Erik Larson, Timothy Egan, James Bradley, and David Halberstam's The Amateurs. ...more"
9,The Black Maria,One,£52.15,Poetry,"Praise for Aracelis Girmay:""[Girmay's] every lossâshe calls them estrangementsâis a yearning for connection across time and place; her every fragment is a bulwark against ruin."" â O, The Oprah Magazine ""In Aracelis Girmay we have a poet who collects, polishes, and shares stories with such brilliant invention, tenderness, and intellectual liveliness that it is understandabl Praise for Aracelis Girmay:""[Girmay's] every lossâshe calls them estrangementsâis a yearning for connection across time and place; her every fragment is a bulwark against ruin."" â O, The Oprah Magazine ""In Aracelis Girmay we have a poet who collects, polishes, and shares stories with such brilliant invention, tenderness, and intellectual liveliness that it is understandable that we think of her as the blessed curator of our collective histories. There is in her art the vulnerability of one who lives inside of the stories that she gathers in this remarkable collection. Her poems set off alarms even as they transform the world she inhabits, showing us, in the process, exactly what she asks of Romare Beardenâs art: ââ¦how not to // assign all blackness near the sea / a captivity.â This is one of the many sweet contradictions in the black maria, which âis a black flag / wounding the pastoral.â I am deeply thankful that we have a poet of her unique and singular talent writing today."" âKwame DawesTaking its name from the moon's dark plains, misidentified as seas by early astronomers, the black maria investigates African diasporic histories, the consequences of racism within American culture, and the question of human identity. Central to this project is a desire to recognize the lives of Eritrean refugees who have been made invisible by years of immigration crisis, refugee status, exile, and resulting statelessness. The recipient of a 2015 Whiting Award for Poetry, Girmay's newest collection elegizes and celebrates life, while wrestling with the humanistic notion of seeing beyond: seeing violence, seeing grace, and seeing each other better.""to the sea""great storage house, historyon which we rode, we touchedthe brief pulse of your flutteringpages, spelled with salt & life,your rage, your indifferenceyour gentleness washing our feet,all of you going onwhether or not we live,to you we bring our carnationsyellow & pink, how they floatlike bright sentences atopyour memory's dark hairAracelis Girmay is the author of three poetry collections, the black maria; Kingdom Animalia, which won the Isabella Gardner Award and was a finalist for the NBCC Award; and Teeth. The recipient of a 2015 Whiting Award, she has received grants and fellowships from the Jerome, Cave Canem, and Watson foundations, as well as Civitella Ranieri and the NEA. She currently teaches at Hampshire College's School for Interdisciplinary Arts and in Drew University's low residency MFA program. Originally from Santa Ana, California, she splits her time between New York and Amherst, Massachusetts. ...more"
10,"Starving Hearts (Triangular Trade Trilogy, #1)",Two,£13.99,,
11,Shakespeare's Sonnets,Four,£20.66,,
12,Set Me Free,Five,£17.46,Young Adult,"Aaron Ledbetterâs future had been planned out for him since before he was born. Each year, the Ledbetter family vacation on Tybee Island gave Aaron a chance to briefly free himself from his familyâs expectations. When he meets Jonas âLuckyâ Luckett, a caricature artist in town with the traveling carnival, he must choose between the life thatâs been mapped out for him, and Aaron Ledbetterâs future had been planned out for him since before he was born. Each year, the Ledbetter family vacation on Tybee Island gave Aaron a chance to briefly free himself from his familyâs expectations. When he meets Jonas âLuckyâ Luckett, a caricature artist in town with the traveling carnival, he must choose between the life thatâs been mapped out for him, and the chance at true love. ...more"
13,Scott Pilgrim's Precious Little Life (Scott Pilgrim #1),Five,£52.29,,
14,Rip it Up and Start Again,Five,£35.02,Music,"Punk's raw power rejuvenated rock, but by the summer of 1977 the movement had become a parody of itself. RIP IT UP AND START AGAIN is a celebration of what happened next.Post-punk bands like PiL, Joy Division, Talking Heads, The Fall and The Human League dedicated themselves to fulfilling punk's unfinished musical revolution. The post-punk groups were fervent modernists; w Punk's raw power rejuvenated rock, but by the summer of 1977 the movement had become a parody of itself. RIP IT UP AND START AGAIN is a celebration of what happened next.Post-punk bands like PiL, Joy Division, Talking Heads, The Fall and The Human League dedicated themselves to fulfilling punk's unfinished musical revolution. The post-punk groups were fervent modernists; whether experimenting with electronics and machine rhythm or adapting ideas from dub reggae and disco, they were totally confident they could invent a whole new future for music. ...more"
15,"Our Band Could Be Your Life: Scenes from the American Indie Underground, 1981-1991",Three,£57.25,Music,"This is the never-before-told story of the musical revolution that happened right under the nose of the Reagan Eighties--when a small but sprawling network of bands, labels, fanzines, radio stations, and other subversives reenergized American rock with punk rock's do-it-yourself credo and created music that was deeply personal, often brilliant, always challenging, and imme This is the never-before-told story of the musical revolution that happened right under the nose of the Reagan Eighties--when a small but sprawling network of bands, labels, fanzines, radio stations, and other subversives reenergized American rock with punk rock's do-it-yourself credo and created music that was deeply personal, often brilliant, always challenging, and immensely influential. This sweeping chronicle of music, politics, drugs, fear, loathing, and faith has been recognized as an indie rock classic in its own right. Among the bands profiled: Mission of Burma, Butthole Surfers, The Minutemen, Sonic Youth, Black Flag, Big Black, HÃ¼sker DÃ¼, Fugazi, Minor Threat, Mudhoney, The Replacements, Beat Happening, and Dinosaur Jr. ...more"
16,Olio,One,£23.88,Poetry,"Part fact, part fiction, Tyehimba Jess's much anticipated second book weaves sonnet, song, and narrative to examine the lives of mostly unrecorded African American performers directly before and after the Civil War up to World War I. Olio is an effort to understand how they met, resisted, complicated, co-opted, and sometimes defeated attempts to minstrelize them.So, while Part fact, part fiction, Tyehimba Jess's much anticipated second book weaves sonnet, song, and narrative to examine the lives of mostly unrecorded African American performers directly before and after the Civil War up to World War I. Olio is an effort to understand how they met, resisted, complicated, co-opted, and sometimes defeated attempts to minstrelize them.So, while I lead this choir, I still find thatI'm being ledâ¦I'm a missionarymending my faith in the midst of this flockâ¦I toil in their fields of praise. When folks seethese freedmen stand and sing, they hear their Godspeak in tongues. These nine dark mouths sing shelter;they echo a hymn's haven from slavery's weather.Detroit native Tyehimba Jess' first book of poetry, leadbelly, was a winner of the 2004 National Poetry Series. Jess, a Cave Canem and NYU Alumni, has received fellowships from the Whiting Foundation, National Endowment for the Arts, Illinois Arts Council, and the Provincetown Fine Arts Work Center. Jess is also a veteran of the 2000 and 2001 Green Mill Poetry Slam Team. He exhibited his poetry at the 2011 TEDxNashville Conference. Jess is an Associate Professor of English at College of Staten Island. ...more"
17,Mesaerion: The Best Science Fiction Stories 1800-1849,One,£37.59,Science Fiction,"Andrew Barger, award-winning author and engineer, has extensively researched forgotten journals and magazines of the early 19th century to locate groundbreaking science fiction short stories in the English language. In doing so, he found what is possibly the first science fiction story by a female (and it is not from Mary Shelley). Andrew located the first steampunk short Andrew Barger, award-winning author and engineer, has extensively researched forgotten journals and magazines of the early 19th century to locate groundbreaking science fiction short stories in the English language. In doing so, he found what is possibly the first science fiction story by a female (and it is not from Mary Shelley). Andrew located the first steampunk short story, which has not been republished since 1844. There is the first voyage to the moon in a balloon, republished for the first time since 1820 that further tells of a darkness machine and a lunarian named Zuloc. Other sci-stories include the first robotic insect and an electricity gun. Once again, Andrew has searched old texts to find the very best science fiction stories from the period when the genre automated to life, some of the stories are published for the first time in nearly 200 years. Read these fantastic stories today!OUR OWN COUNTRY So mechanical has the age become, that men seriously talk of flying machines, to go by steam, --not your air-balloons, but real Daedalian wings, made of wood and joints, nailed to your shoulder, --not wings of feathers and wax like the wings of Icarus, who fell into the Cretan sea, but real, solid, substantial, rock-maple wings with wrought-iron hinges, and huge concavities, to propel us through the air. Knickerbocker Magazine, May 18 ...more"
18,Libertarianism for Beginners,Two,£51.33,Politics,"Libertarianism isn't about winning elections; it is first and foremost a political philosophy--a description of how, in the opinion of libertarians, free people ought to treat one another, at least when they use the law, which they regard as potentially dangerous. If libertarians are correct, the law should intrude into people's lives as little as possible, rarely telling Libertarianism isn't about winning elections; it is first and foremost a political philosophy--a description of how, in the opinion of libertarians, free people ought to treat one another, at least when they use the law, which they regard as potentially dangerous. If libertarians are correct, the law should intrude into people's lives as little as possible, rarely telling them what to do or how to live.A political and economic philosophy as old as John Locke and John Stuart Mill, but as alive and timely as Rand Paul, the Tea Party, and the novels of Ayn Rand, libertarianism emphasizes individual rights and calls for a radical reduction in the power and size of government. ""Libertarianism For Beginners"" lays out the history and principles of this often-misunderstood philosophy in lucid, dispassionate terms that help illuminate today's political dialogue."" ...more"
19,It's Only the Himalayas,Two,£45.17,,
20,In Her Wake,One,£12.84,Thriller,"A perfect life â¦ until she discovered it wasnât her own.A tragic family event reveals devastating news that rips apart Bellaâs comfortable existence. Embarking on a personal journey to uncover the truth, she faces a series of traumatic discoveries that take her to the ruggedly beautiful Cornish coast, where hidden truths, past betrayals and a 25-year-old mystery threaten n A perfect life â¦ until she discovered it wasnât her own.A tragic family event reveals devastating news that rips apart Bellaâs comfortable existence. Embarking on a personal journey to uncover the truth, she faces a series of traumatic discoveries that take her to the ruggedly beautiful Cornish coast, where hidden truths, past betrayals and a 25-year-old mystery threaten not just her identity, but also her life.Chilling, complex and profoundly moving, In Her Wake is a gripping psychological thriller that questions the nature of family â and reminds us that sometimes the most shocking crimes are committed closest to home. ...more"
21,How Music Works,Two,£37.32,Music,"How Music Works is David Byrneâs remarkable and buoyant celebration of a subject he has spent a lifetime thinking about. In it he explores how profoundly music is shaped by its time and place, and he explains how the advent of recording technology in the twentieth century forever changed our relationship to playing, performing, and listening to music.Acting as historian an How Music Works is David Byrneâs remarkable and buoyant celebration of a subject he has spent a lifetime thinking about. In it he explores how profoundly music is shaped by its time and place, and he explains how the advent of recording technology in the twentieth century forever changed our relationship to playing, performing, and listening to music.Acting as historian and anthropologist, raconteur and social scientist, he searches for patternsâand shows how those patterns have affected his own work over the years with Talking Heads and his many collaborators, from Brian Eno to Caetano Veloso. Byrne sees music as part of a larger, almost Darwinian pattern of adaptations and responses to its cultural and physical context. His range is panoptic, taking us from Wagnerian opera houses to African villages, from his earliest high school reel-to-reel recordings to his latest work in a home music studio (and all the big studios in between).Touching on the joy, the physics, and even the business of making music, How Music Works is a brainy, irresistible adventure and an impassioned argument about musicâs liberating, life-affirming power. ...more"
22,"Foolproof Preserving: A Guide to Small Batch Jams, Jellies, Pickles, Condiments, and More: A Foolproof Guide to Making Small Batch Jams, Jellies, Pickles, Condiments, and More",Three,£30.52,Food and Drink,"Canning perfected the Americaâs Test Kitchen way. The art of preserving produce by canning and preserving has come full circle from grandmother's kitchen to a whole new generation now eager to learn it. This detailed guide to home preserving is perfect for novice canners and experts alike and offers more than 100 foolproof recipes across a wide range of categories, from sw Canning perfected the Americaâs Test Kitchen way. The art of preserving produce by canning and preserving has come full circle from grandmother's kitchen to a whole new generation now eager to learn it. This detailed guide to home preserving is perfect for novice canners and experts alike and offers more than 100 foolproof recipes across a wide range of categories, from sweet jams and jellies to savory jams, vegetables, condiments, pickles, whole fruits, and more. Let the experts at America's Test Kitchen show you how to do it right with detailed tutorials, troubleshooting tips, equipment information, and insight into the science behind canning. ...more"
23,Chase Me (Paris Nights #2),Five,£25.27,,
24,Black Dust,Five,£34.53,Romance,"No matter how busy he keeps himself, successful Broadway musician Tobias Spence canât outrun the memory of a tragic car crash from his past that claimed a friendâs life and permanently injured his former boyfriend, Emmett.Even after losing Tobias, Emmett Henderson made peace with that awful night, living in his Indiana hometown where he has become a revered choral director No matter how busy he keeps himself, successful Broadway musician Tobias Spence canât outrun the memory of a tragic car crash from his past that claimed a friendâs life and permanently injured his former boyfriend, Emmett.Even after losing Tobias, Emmett Henderson made peace with that awful night, living in his Indiana hometown where he has become a revered choral director. When his students are asked to perform in New York City, he decides to chance reconnecting with his former love, if for no other reason than to get a proper goodbye.When Emmett and Tobias finally meet 15 years after parting ways, it is clear to both of them that their feelings for each other have not changed. As they explore their renewed relationship, the two men face old hurts and the new challenges of a long-distance romance. Will Tobias lose his second chance at love to the ghosts he canât seem to put to rest? ...more"
25,Birdsong: A Story in Pictures,Three,£54.64,Childrens,"Bring the thrilling story of one red bird to life. When an innocent bird meets two cruel kids, their world is forever changed. But exactly how that change unfolds is up to you, in the tradition of KamishibaiâJapanese paper theater. The wordless story by master cartoonist James Sturm is like a haikuâthe elegant images leave space for children to inhabit this timeless taleâa Bring the thrilling story of one red bird to life. When an innocent bird meets two cruel kids, their world is forever changed. But exactly how that change unfolds is up to you, in the tradition of KamishibaiâJapanese paper theater. The wordless story by master cartoonist James Sturm is like a haikuâthe elegant images leave space for children to inhabit this timeless taleâand make it their own, leading them to learn an ultimate lesson they'll never forget.James Sturm is the author of several books for kids including the Adventures in Cartooning series (with Andrew Arnold and Alexis Frederick-Frost) and the forthcoming Ape and Armadillo. James also helped start a college for cartoonists, The Center for Cartoon Studies, in the small railroad village of White River Junction, Vermont. ...more"
26,America's Cradle of Quarterbacks: Western Pennsylvania's Football Factory from Johnny Unitas to Joe Montana,Three,£22.50,,
27,Aladdin and His Wonderful Lamp,Three,£53.13,Default,"Planning on seeing Aladdin the Disney musical? Read the classic story of ""Aladdin and his Wonderful Lamp"" in this sparkling new edition by Harpendore. Synopsis: Aladdin is a poor boy who lives with his mother in the ancient kingdom of Cathay. One day a strange man appears offering untold riches! Aladdin is not so sure, yet he's sorely tempted. Join Aladdin on his incredib Planning on seeing Aladdin the Disney musical? Read the classic story of ""Aladdin and his Wonderful Lamp"" in this sparkling new edition by Harpendore. Synopsis: Aladdin is a poor boy who lives with his mother in the ancient kingdom of Cathay. One day a strange man appears offering untold riches! Aladdin is not so sure, yet he's sorely tempted. Join Aladdin on his incredible adventures and visit the cave of treasures. A world of magic awaits you, but watch your step - there's mischief lurking at every turn! The Arabian Nights (also known as The One Thousand and One Nights) is an ancient collection of tales that have existed for thousands of years. Harpendore's Arabian Nights Adventures are beautifully retold versions of these ancient classics that are specially designed to appeal to children aged seven years and above. They are written in a warm and accessible style and include wonderful illustrations inside. With mischief and magic in equal measure, this series is sure to captivate readers everywhere. The Arabian Nights Adventures series is being released throughout 2016 and 2017. Stories to be included are: The Adventures of Prince Camar & Princess Badoura Aladdin and his Wonderful Lamp Gulnare of the Sea Ali Baba and the Forty Thieves The Seven Voyages of Sinbad the Sailor The Enchanted Horse The Talking Bird, the Singing Tree and the Golden Water The Merchant and the Genie The Tale of Zubaidah and the Three Qalandars The Adventures of Harun al-Rashid, Caliph of Baghdad The Three Princes, the Princess and the Jinni Pari Banou The Fisherman and the Genie The King's Jester (also known as The Little Hunchback) ...more"
28,Worlds Elsewhere: Journeys Around Shakespeare’s Globe,Five,£40.30,,
29,Wall and Piece,Four,£44.18,Art,"Banksy, Britain's now-legendary ""guerilla"" street artist, has painted the walls, streets, and bridges of towns and cities throughout the world. Not only did he smuggle his pieces into four of New York City's major art museums, he's also ""hung"" his work at London's Tate Gallery and adorned Israel's West Bank barrier with satirical images. Banksy's identity remains unknown, Banksy, Britain's now-legendary ""guerilla"" street artist, has painted the walls, streets, and bridges of towns and cities throughout the world. Not only did he smuggle his pieces into four ofÂ  New York City's major art museums, he's also ""hung"" his work at London's Tate Gallery and adorned Israel's West Bank barrier with satirical images. Banksy's identity remains unknown, but his work is unmistakableâwith prints selling for as much as $45,000. ...more"
30,The Four Agreements: A Practical Guide to Personal Freedom,Five,£17.66,Spirituality,"In The Four Agreements, don Miguel Ruiz reveals the source of self-limiting beliefs that rob us of joy and create needless suffering. Based on ancient Toltec wisdom, the Four Agreements offer a powerful code of conduct that can rapidly transform our lives to a new experience of freedom, true happiness, and love. The Four Agreements are: Be Impeccable With Your Word, Don't In The Four Agreements, don Miguel Ruiz reveals the source of self-limiting beliefs that rob us of joy and create needless suffering. Based on ancient Toltec wisdom, the Four Agreements offer a powerful code of conduct that can rapidly transform our lives to a new experience of freedom, true happiness, and love. The Four Agreements are: Be Impeccable With Your Word, Don't Take Anything Personally, Don't Make Assumptions, Always Do Your Best. ...more"
31,The Five Love Languages: How to Express Heartfelt Commitment to Your Mate,Three,£31.05,Nonfiction,"Are you and your spouse speaking the same language? While love is a many splendored thing, it is sometimes a very confusing thing, too. And as people come in all varieties, shapes, and sizes, so do their choices of personal expressions of love. But more often than not, the giver and the receiver express love in two different ways. This can lead to misunderstanding, quarrel Are you and your spouse speaking the same language? While love is a many splendored thing, it is sometimes a very confusing thing, too. And as people come in all varieties, shapes, and sizes, so do their choices of personal expressions of love. But more often than not, the giver and the receiver express love in two different ways. This can lead to misunderstanding, quarrels, and even divorce.Quality time, words of affirmation, gifts, acts of service, and physical touch are the five basic love languages. Dr. Gary Chapman identifies these and guides couples towards a better understanding of their unique languages of love. Learn to speak and understand your mate's love language, and in no time you will be able to effectively love and truly feel loved in return. Skillful communication is within your grasp! ...more"
32,The Elephant Tree,Five,£23.82,Thriller,"Mark Fallon is an overworked detective investigating a spate of attacks at a string of high profile city centre nightclubs. Scott is a dejected 24 year old struggling to make ends meet working for his brother and supplementing his income with a small-scale drug dealing operation. Angela is an attractive 23 year old, raised by her father, a career criminal and small time dr Mark Fallon is an overworked detective investigating a spate of attacks at a string of high profile city centre nightclubs. Scott is a dejected 24 year old struggling to make ends meet working for his brother and supplementing his income with a small-scale drug dealing operation. Angela is an attractive 23 year old, raised by her father, a career criminal and small time drug dealer who supplies Scott with cannabis. This is a chilling tale spanning a few months in the lives of Scott and Angela, where realizations about the present combine with shocking revelations from the past leading to an apocalyptic climax where they no longer know whom they can trust. ...more"
33,The Bear and the Piano,One,£36.89,Childrens,"One day, a young bear stumbles upon something he has never seen before in the forest. As time passes, he teaches himself how to play the strange instrument, and eventually the beautiful sounds are heard by a father and son who are picnicking in the woods. The bear goes with them on an incredible journey to New York, where his piano playing makes him a huge star. He has fam One day, a young bear stumbles upon something he has never seen before in the forest. As time passes, he teaches himself how to play the strange instrument, and eventually the beautiful sounds are heard by a father and son who are picnicking in the woods. The bear goes with them on an incredible journey to New York, where his piano playing makes him a huge star. He has fame, fortune and all the music in the world, but he misses the friends and family he has left behind. A moving tale of exploration and belonging from an exciting debut author-illustrator. ...more"
34,Sophie's World,Five,£15.94,,
35,Penny Maybe,Three,£33.29,Default,"Sent to yet another foster family, Penny decides that the way to claim a sense of self is to swim Lake Ontario. Although this seems impossible, she finds the courage to ask her physics teacher to be her coach, and wins the support of her new foster mother."
36,Maude (1883-1993):She Grew Up with the country,Two,£18.02,,
37,"In a Dark, Dark Wood",One,£19.63,Mystery,"In a dark, dark wood Nora hasn't seen Clare for ten years. Not since Nora walked out of school one day and never went back. There was a dark, dark houseUntil, out of the blue, an invitation to Clareâs hen do arrives. Is this a chance for Nora to finally put her past behind her?And in the dark, dark house there was a dark, dark roomBut something goes wrong. Very wrong.And i In a dark, dark wood Nora hasn't seen Clare for ten years. Not since Nora walked out of school one day and never went back. There was a dark, dark houseUntil, out of the blue, an invitation to Clareâs hen do arrives. Is this a chance for Nora to finally put her past behind her?And in the dark, dark house there was a dark, dark roomBut something goes wrong. Very wrong.And in the dark, dark room.... Some things canât stay secret for ever. ...more"
38,Behind Closed Doors,Four,£52.22,Thriller,"The 2016 debut bloggers can't stop raving about. Perfect for fans of The Girl on the Train and The Ice Twins Everyone knows a couple like Jack and Grace.He has looks and wealth, she has charm and elegance. You might not want to like them, but you do. Though, youâd like to get to know Grace better.But itâs difficult, because you realise Jack and Grace are never apart.Some The 2016 debut bloggers can't stop raving about. Perfect for fans of The Girl on the Train and The Ice Twins Everyone knows a couple like Jack and Grace.He has looks and wealth, she has charm and elegance. You might not want to like them, but you do. Though, youâd like to get to know Grace better.But itâs difficult, because you realise Jack and Grace are never apart.Some might call this true love. Others might ask why Grace never answers the phone. Or how she can never meet for coffee, even though she doesnât work. How she can cook such elaborate meals but remain so slim. And why there are bars on one of the bedroom windows.Sometimes, the perfect marriage is the perfect lie. ...more"
39,You can't bury them all: Poems,Two,£33.63,,
40,Slow States of Collapse: Poems,Three,£57.31,Poetry,"The eagerly anticipated debut from one of Canadaâs most exciting new poets In her debut collection, Ashley-Elizabeth Best explores the cultivation of resilience during uncertain and often trying times. Itâs a book built around day-to-day conflicts â poems about love, family, grief, power, and longing. Navigating the fault lines of popular culture and traditional poetry to The eagerly anticipated debut from one of Canadaâs most exciting new poets In her debut collection, Ashley-Elizabeth Best explores the cultivation of resilience during uncertain and often trying times. Itâs a book built around day-to-day conflicts â poems about love, family, grief, power, and longing. Navigating the fault lines of popular culture and traditional poetry to assert that we are all history makers, Slow States of Collapse enters the landscape of personal narrative in an attempt to reconcile lifeâs little universal griefs.Slow States of Collapse presents a world that is at once menacing and full of wonder and grace. Itâs a poetry of âcasual crueltyâ and âkisses like / puncture wounds,â of âsomething too tender to touchâ and âthe threat of an intense beauty.â In this collection, illness confronts bedside manners while a migrant restlessness also paints remarkable portraits of shifting self-image, and in the process the nature of personal and political power is reimagined. ...more"
41,Reasons to Stay Alive,Two,£26.41,Nonfiction,"I want life. I want to read it and write it and feel it and live it. I want, for as much of the time as possible in this blink-of-an-eye existence we have, to feel all that can be felt. I hate depression. I am scared of it. Terrified, in fact. But at the same time, it has made me who I am. And if - for me - it is the price of feeling life, it's a price always worth paying. I want life. I want to read it and write it and feel it and live it. I want, for as much of the time as possible in this blink-of-an-eye existence we have, to feel all that can be felt. I hate depression. I am scared of it. Terrified, in fact. But at the same time, it has made me who I am. And if - for me - it is the price of feeling life, it's a price always worth paying.Reasons to Stay Alive is about making the most of your time on earth. In the western world the suicide rate is highest amongst men under the age of 35. Matt Haig could have added to that statistic when, aged 24, he found himself staring at a cliff-edge about to jump off. This is the story of why he didn't, how he recovered and learned to live with anxiety and depression. It's also an upbeat, joyous and very funny exploration of how live better, love better, read better and feel more. ...more"
42,Private Paris (Private #10),Five,£47.61,,
43,#HigherSelfie: Wake Up Your Life. Free Your Soul. Find Your Tribe.,Five,£23.11,,
44,Without Borders (Wanderlove #1),Two,£45.07,,
45,When We Collided,One,£31.77,Contemporary,"We are seventeen and shattered and still dancing. We have messy, throbbing hearts, and we are stronger than anyone could ever knowâ¦Jonah never thought a girl like Vivi would come along.Vivi didnât know Jonah would light up her world.Neither of them expected a summer like thisâ¦a summer that would rewrite their futures.In an unflinching story about new love, old wounds, and We are seventeen and shattered and still dancing. We have messy, throbbing hearts, and we are stronger than anyone could ever knowâ¦Jonah never thought a girl like Vivi would come along.Vivi didnât know Jonah would light up her world.Neither of them expected a summer like thisâ¦a summer that would rewrite their futures.In an unflinching story about new love, old wounds, and forces beyond our control, two teens find that when you collide with the right person at just the right time, it will change you forever. ...more"
46,"We Love You, Charlie Freeman",Five,£50.27,Fiction,"The Freeman family--Charles, Laurel, and their daughters, teenage Charlotte and nine-year-old Callie--have been invited to the Toneybee Institute in rural Massachusetts to participate in a research experiment. They will live in an apartment on campus with Charlie, a young chimp abandoned by his mother. The Freemans were selected for the experiment because they know sign la The Freeman family--Charles, Laurel, and their daughters, teenage Charlotte and nine-year-old Callie--have been invited to the Toneybee Institute in rural Massachusetts to participate in a research experiment. They will live in an apartment on campus with Charlie, a young chimp abandoned by his mother. The Freemans were selected for the experiment because they know sign language; they are supposed to teach it to Charlie and welcome him as a member of their family. Isolated in their new, nearly all-white community not just by their race but by their strange living situation, the Freemans come undone. And when Charlotte discovers the truth about the Instituteâs history of questionable studies, the secrets of the past begin to invade the present. The power of this novel resides in Kaitlyn Greenidgeâs undeniable storytelling talents. What appears to be a story of mothers and daughters, of sisterhood put to the test, of adolescent love and grown-up misconduct, and of historyâs long reach, becomes a provocative and compelling exploration of Americaâs failure to find a language to talk about race. ...more"
47,Untitled Collection: Sabbath Poems 2014,Four,£14.27,Poetry,"More than thirty-five years ago, when the weather allowed, Wendell Berry began spending his sabbaths outdoors, walking and wandering around familiar territory, seeking a deep intimacy only time could provide. These walks arranged themselves into poems and each year since he has completed a sequence dated by the year of its composition. Last year we collected the lot into a More than thirty-five years ago, when the weather allowed, Wendell Berry began spending his sabbaths outdoors, walking and wandering around familiar territory, seeking a deep intimacy only time could provide. These walks arranged themselves into poems and each year since he has completed a sequence dated by the year of its composition. Last year we collected the lot into a collection, This Day, the Sabbath Poems 1979-2013. This new sequence for the following year is one of the richest yet. This group provides a virtual syllabus for all of Mr. Berryâs cultural and agricultural work in concentrated form. Many of these poems are drawn from the view from a small porch in the woods, a place of stillness and reflection, a vantage point âof the one/life of the forest composed/of uncountable lives in countless/years each life coherent itself within/ the coherence, the great composure,/of all.â A new collection of Wendell Berry poems is always an occasion of joyful celebration and this one is especially so. ...more"
48,"Unseen City: The Majesty of Pigeons, the Discreet Charm of Snails & Other Wonders of the Urban Wilderness",Four,£44.18,,
49,Unicorn Tracks,Three,£18.78,Fantasy,"After a savage attack drives her from her home, sixteen-year-old Mnemba finds a place in her cousin Tumeloâs successful safari business, where she quickly excels as a guide. Surrounding herself with nature and the mystical animals inhabiting the savannah not only allows Mnembaâs tracking skills to shine, it helps her to hide from the terrible memories that haunt her.Mnemba After a savage attack drives her from her home, sixteen-year-old Mnemba finds a place in her cousin Tumeloâs successful safari business, where she quickly excels as a guide. Surrounding herself with nature and the mystical animals inhabiting the savannah not only allows Mnembaâs tracking skills to shine, it helps her to hide from the terrible memories that haunt her.Mnemba is employed to guide Mr. Harving and his daughter, Kara, through the wilderness as they study unicorns. The young women are drawn to each other, despite that fact that Kara is betrothed. During their research, they discover a conspiracy by a group of poachers to capture the Unicorns and exploit their supernatural strength to build a railway. Together, they must find a way to protect the creatures Kara adores while resisting the love they know they can never indulge. ...more"
50,"Unbound: How Eight Technologies Made Us Human, Transformed Society, and Brought Our World to the Brink",One,£25.52,History,"Although we usually think of technology as something unique to modern times, our ancestors began to create the first technologies millions of years ago in the form of prehistoric tools and weapons. Over time, eight key technologies gradually freed us from the limitations of our animal origins.The fabrication of weapons, the mastery of fire, and the technologies of clothing Although we usually think of technology as something unique to modern times, our ancestors began to create the first technologies millions of years ago in the form of prehistoric tools and weapons. Over time, eight key technologies gradually freed us from the limitations of our animal origins.The fabrication of weapons, the mastery of fire, and the technologies of clothing and shelter radically restructured the human body, enabling us to walk upright, shed our body hair, and migrate out of tropical Africa. Symbolic communication transformed human evolution from a slow biological process into a fast cultural process. The invention of agriculture revolutionized the relationship between humanity and the environment, and the technologies of interaction led to the birth of civilization. Precision machinery spawned the industrial revolution and the rise of nation-states; and in the next metamorphosis, digital technologies may well unite all of humanity for the benefit of future generations.Synthesizing the findings of primatology, paleontology, archeology, history, and anthropology, Richard Currier reinterprets and retells the modern narrative of human evolution that began with the discovery of Lucy and other Australopithecus fossils. But the same forces that allowed us to integrate technology into every aspect of our daily lives have also brought us to the brink of planetary catastrophe. Unbound explains both how we got here and how human society must be transformed again to achieve a sustainable future.Technology: âThe deliberate modification of any natural object or substance with forethought to achieve a specific end or to serve a specific purpose.â ...more"
51,Tsubasa: WoRLD CHRoNiCLE 2 (Tsubasa WoRLD CHRoNiCLE #2),One,£16.28,,
52,Throwing Rocks at the Google Bus: How Growth Became the Enemy of Prosperity,Three,£31.12,Nonfiction,"Capital in the Twenty-First Century meets The Second Machine Age in this stunning and optimistic tour de force on the promise and peril of the digital economy, from one of the most brilliant social critics of our time. Digital technology was supposed to usher in a new age of endless prosperity, but so far it has been used to put industrial capitalism on steroids, makin Capital in the Twenty-First Century meets The Second Machine Age in this stunning and optimistic tour de force on the promise and peril of the digital economy, from one of the most brilliant social critics of our time. Digital technology was supposed to usher in a new age of endless prosperity, but so far it has been used to put industrial capitalism on steroids, making it harder for people and businesses to keep up. Social networks surrender their original missions to more immediately profitable data mining, while brokerage houses abandon value investing for algorithms that drain markets and our 401ks alike--all tactics driven by the need to stoke growth by any means necessary. Instead of taking this opportunity to reprogram our economy for sustainability, we have doubled down on growth as its core command. We have reached the limits of this approach. We must escape the growth trap, once and for all.Â Media scholar and technology author Douglas Rushkoff--one of today's most original and influential thinkers--argues for a new economic program that utilizes the unique distributive power of the internet while breaking free of the winner-take-all system the growth trap leaves in its wake. Drawing on sources both contemporary and historical, Rushkoff pioneers a new understanding of the old economic paradigm, from central currency to debt to corporations and labor.Most importantly, he offers a series of practical steps for businesses, consumers, investors, and policymakers to remake the economic operating system from the inside out--and prosper along the way. Instead of boycotting Wal-Mart or overtaxing the wealthy, we simply implement strategies that foster the creation of value by stakeholders other than just ourselves. From our currency to our labor to the corporation, every aspect of the economy can be reprogrammed with minimal disruption to create a more equitably distributed prosperity for all.Inspiring and challenging, Throwing Rocks at the Google Bus provides a pragmatic, optimistic, and human-centered model for economic progress in the digital age. ...more"
53,This One Summer,Four,£19.49,Sequential Art,"Every summer, Rose goes with her mom and dad to a lake house in Awago Beach. It's their getaway, their refuge. Rosie's friend Windy is always there, too, like the little sister she never had. But this summer is different. Rose's mom and dad won't stop fighting, and when Rose and Windy seek a distraction from the drama, they find themselves with a whole new set of problems. Every summer, Rose goes with her mom and dad to a lake house in Awago Beach. It's their getaway, their refuge. Rosie's friend Windy is always there, too, like the little sister she never had. But this summer is different. Rose's mom and dad won't stop fighting, and when Rose and Windy seek a distraction from the drama, they find themselves with a whole new set of problems. It's a summer of secrets and sorrow and growing up, and it's a good thing Rose and Windy have each other.In This One Summer two stellar creators redefine the teen graphic novel. Cousins Mariko and Jillian Tamaki, the team behind Skim, have collaborated on this gorgeous, heartbreaking, and ultimately hopeful story about a girl on the cusp of her teen age â a story of renewal and revelation. ...more"
54,Thirst,Five,£17.27,Fiction,"On a searing summer Friday, Eddie Chapman has been stuck for hours in a traffic jam. There are accidents along the highway, but ambulances and police are conspicuously absent. When he decides to abandon his car and run home, he sees that the trees along the edge of a stream have been burnt, and the water in the streambed is gone. Something is very wrong.When he arrives hom On a searing summer Friday, Eddie Chapman has been stuck for hours in a traffic jam. There are accidents along the highway, but ambulances and police are conspicuously absent. When he decides to abandon his car and run home, he sees that the trees along the edge of a stream have been burnt, and the water in the streambed is gone. Something is very wrong.When he arrives home, the power is out and there is no running water. The pipes everywhere, it seems, have gone dry. Eddie and his wife, Laura, find themselves thrust together with their neighbors while a sense of unease thickens in the stifling night air. Thirst takes place in the immediate aftermath of a mysterious disaster--the Chapmans and their neighbors suffer the effects of the heat, their thirst, and the terrifying realization that no one is coming to help. As violence rips through the community, Eddie and Laura are forced to recall secrets from their past and question their present humanity. In crisp and convincing prose, Ben Warner compels readers to do the same. What might you do to survive? ...more"
55,The Torch Is Passed: A Harding Family Story,One,£19.09,Add a comment,"Andrea Harding is a recent college graduate looking forward to attending Duke Law School when her world is turned upside down by the shooting of her father, Nicholas, and uncle, Michael, in a surprising and puzzling attack. They are the only family she has, aside from her paternal grandmother Dorothy, so when her uncle dies from the attack and her father lays comatose in I Andrea Harding is a recent college graduate looking forward to attending Duke Law School when her world is turned upside down by the shooting of her father, Nicholas, and uncle, Michael, in a surprising and puzzling attack. They are the only family she has, aside from her paternal grandmother Dorothy, so when her uncle dies from the attack and her father lays comatose in ICU, it falls to Andrea to not only investigate who would want to kill her father and uncle, but also to oversee Harding Industries, the family company. When her fatherâs longtime attorney and one of a handful of family friends, Beth Cowling, rushes to help Andrea long distance, the youngest Harding soon finds herself surrounded by a bevy of intriguing new friends and helpers. First to arrive is Bethâs own daughter, Riva, acting as Andreaâs attorney after Andrea is violently attacked in her fatherâs home, where she grew up, forcing her to kill both would-be assassins. When Nicholasâs on again/off again lover, state prosecutor and gubernatorial hopeful Kerry Marcus, is equally at a loss to name suspects in the Harding family attacks, Riva begins her own investigation into the short list of family friends and colleagues, including Don Marshall, former colleague of Nicholasâs at Marshall Pharmaceutical, which Don now runs, and Donâs wife Karen. Marshall has a shady past, including an incident at his company that also involved Andreaâs father. She also looks closely at Marcus Ricci, father of Andreaâs closest high school friend, Jason. After Jasonâs death from leukemia, Ricci becomes like a second father to Andrea. Ricci is also widely believed to have ties to the New Jersey mob. But Beth has another contact she wants involved in the investigation, Deirdre Southington, daughter of Bethâs old friend Cordelia Southington. The Southington family has more money than God, as well as, through Deirdre, more contacts in the intriguing world of international espionage. A former NSA agent, Deirdre is mysterious and beautiful in a cold way. An eccentric who travels via private rail car, she is also extraordinarily persuasive, holding a PhD in forensic psychology that she has put to great use in both her work with the NSA and on her own, as a defender of good, rooting out evil doers and ensuring they are brought to her own brand of justice. Andrea, Riva, and Deirdre all also cast a suspicious eye on the Oakes brothers, Carlton and Jefferson, who run Oakes Industries along with their silent partner and cousin, New Jersey state senator Schuyler Colfax, who also has his eye on the governorâs seat. Oakes Industries has recently made an attempt to purchase Harding Industries, a seemingly irrational move that is rebuffed by Nicholas. What no one knows until much later is that the Oakes brothers have entered into a business deal with Russian mobster Viktor Roman, who represents the real party interested in acquiring Harding Industries, a Vor, Russian organized crime unit, with heavy international interests in the energy sector. Andrea matures quickly as she rapidly learns who she can and cannot trust during her search for the people out to kill her family. Along with her new friends and advocates, she discovers Harding Industries holds a soon to expire option to buy property that could become the source of untold billions from oil reserves, and moves in the nick of time to exercise their right to purchase. But the biggest blow for the Harding family is yet to comeâthe discovery that Viktor Roman has promised Kerry Marcus the governorâs seat in exchange for information about the Hardings, including Nicholas and Michaelâs whereabouts on the night they are shot. Ultimately, Andrea chooses to forego law school and becomes her fatherâs new partner in Harding Industries, no doubt with many adventures yet to come. Masterfully told using a smattering of historical facts along with a soundtrack of classical music masterpieces, this thriller keeps readers on edge until the very end. ...more"
56,The Secret of Dreadwillow Carse,One,£56.13,Childrens,"A princess and a peasant girl must embark on a dangerous quest to outwit a centuries-old warning foretelling the fall of the Monarchy in this modern fairytale. In the center of the verdant Monarchy lies Dreadwillow Carse, a black and desolate bog that the happy people of the land do their best to ignore. Little is known about it, except for one dire warning: If any monarc A princess and a peasant girl must embark on a dangerous quest to outwit a centuries-old warning foretelling the fall of the Monarchy in this modern fairytale. Â  In the center of the verdant Monarchy lies Dreadwillow Carse, a black and desolate bog that the happy people of the land do their best to ignore. Little is known about it, except for one dire warning: If any monarch enters Dreadwillow Carse, then the Monarchy will fall.Â Twelve-year-old Princess Jeniah yearns to know what the marsh could possibly conceal that might topple her familyâs thousand-year reign of peace and prosperity. Meanwhile, in the nearby town of Emberfell, where everyone lives with unending joy, a girl named Aon hides a sorrow she can never reveal. She knows that something in the carse--something that sings a haunting tune only Aon can hear--holds the cure for her sadness. Yet no matter how many times she tries to enter, the terror-inducing dreadwillow trees keep her away. After a chance meeting, Princess Jeniah and Aon hatch a plan to send Aon into the heart of the carse to unlock its darkest secret. But when Aon doesnât return, a guilt-stricken Jeniah must enter the carse to try and rescue her friend--even if it means risking the entire Monarchy. ...more"
57,"The Pioneer Woman Cooks: Dinnertime: Comfort Classics, Freezer Food, 16-Minute Meals, and Other Delicious Ways to Solve Supper!",One,£56.41,,
58,The Past Never Ends,Four,£56.50,Mystery,"A simple task, Attorney Chester Morgan thinks. Get a copy of a public record for a young man whose only friend has died in an unexplained accidental death. Except... The police file regarding the demise of sex worker Tanya Everly has been sealed by the order of the chief of police, and no one will talk. Warned to drop the matter, Attorney Morgan knows that if he doesn't sp A simple task, Attorney Chester Morgan thinks. Get a copy of a public record for a young man whose only friend has died in an unexplained accidental death. Except... The police file regarding the demise of sex worker Tanya Everly has been sealed by the order of the chief of police, and no one will talk. Warned to drop the matter, Attorney Morgan knows that if he doesn't speak for the dead young woman, no one will. Haunted by his discovery of the body of a prominent local oilman, Morgan pursues a quest for justice that puts his reputation, career, and life at risk. A journey that takes him into the dark shadows of the sex-for-sale business, into the marble courtrooms of Oklahoma, and into the aching loneliness of his own soul. Set in the American Southwest in the days before 9/11, The Past Never Ends is both a complex murder mystery and a meditation on the self-perpetuating nature of injustice and the ethereal nature of justice itself. ...more"
59,The Natural History of Us (The Fine Art of Pretending #2),Three,£45.22,,
60,The Nameless City (The Nameless City #1),Four,£38.16,,
61,The Murder That Never Was (Forensic Instincts #5),Three,£54.11,,
62,The Most Perfect Thing: Inside (and Outside) a Bird's Egg,Four,£42.96,,
63,"The Mindfulness and Acceptance Workbook for Anxiety: A Guide to Breaking Free from Anxiety, Phobias, and Worry Using Acceptance and Commitment Therapy",Four,£23.89,Add a comment,"Is anxiety and fear a problem for you? Have you tried to win the war with your anxious mind and body, only to end up feeling frustrated, powerless, and stuck? If so, youâre not alone. But there is a way forward, a path into genuine happiness, and a way back into living the kind of life you so desperately want. This workbook will help you get started on this new journey tod Is anxiety and fear a problem for you? Have you tried to win the war with your anxious mind and body, only to end up feeling frustrated, powerless, and stuck? If so, youâre not alone. But there is a way forward, a path into genuine happiness, and a way back into living the kind of life you so desperately want. This workbook will help you get started on this new journey today!Now in its second edition, The Mindfulness and Acceptance Workbook for Anxiety offers a new approach to your anxiety, fears, and your life. Within its pages, youâll find a powerful and tested set of tools and strategies to help you gain freedom from fear, trauma, worry, and all the many manifestations of anxiety and fear. The book offers an empowering approach to help you create the kind of life you so desperately want to live.Based on a revolutionary approach to psychological health and wellness called acceptance and commitment therapy (ACT), this fully revised and updated second edition offers compelling new exercises to help you create the conditions for your own genuine happiness and peace of mind. Youâll learn how your mind can trap you, keeping you stuck and struggling in anxiety and fear. Youâll also discover ways to nurture your capacity for acceptance, mindfulness, kindness, and compassion, and use these qualities to weaken the power of anxiety and fear so that you can gain the space do what truly matters to you. Now is the time.Nobody chooses anxiety. And there is no healthy way to âturn offâ anxious thoughts and feelings like a light switch. But you can learn to break free from the shackles of anxiety and fear and take back your life. The purpose of this workbook is to help you do just that. Your life is calling on you to make that choice, and the skills in this workbook can help you make it happen. You can live better, more fully, and more richly with or without anxiety and fear. This book will show you the way.This book has been awarded The Association for Behavioral and Cognitive Therapies Self-Help Seal of Merit â an award bestowed on outstanding self-help books that are consistent with cognitive behavioral therapy (CBT) principles and that incorporate scientifically tested strategies for overcoming mental health difficulties. Used alone or in conjunction with therapy, our books offer powerful tools readers can use to jump-start changes in their lives. ...more"
64,The Life-Changing Magic of Tidying Up: The Japanese Art of Decluttering and Organizing,Three,£16.77,Nonfiction,"Despite constant efforts to declutter your home, do papers still accumulate like snowdrifts and clothes pile up like a tangled mess of noodles?Japanese cleaning consultant Marie Kondo takes tidying to a whole new level, promising that if you properly simplify and organize your home once, you'll never have to do it again. Most methods advocate a room-by-room or little-by-li Despite constant efforts to declutter your home, do papers still accumulate like snowdrifts and clothes pile up like a tangled mess of noodles?Japanese cleaning consultant Marie Kondo takes tidying to a whole new level, promising that if you properly simplify and organize your home once, you'll never have to do it again. Most methods advocate a room-by-room or little-by-little approach, which doom you to pick away at your piles of stuff forever. The KonMari Method, with its revolutionary category-by-category system, leads to lasting results. In fact, none of Kondo's clients have lapsed (and she still has a three-month waiting list).With detailed guidance for determining which items in your house ""spark joy"" (and which don't), this international best seller featuring Tokyo's newest lifestyle phenomenon will help you clear your clutter and enjoy the unique magic of a tidy home - and the calm, motivated mindset it can inspire. ...more"
65,"The Inefficiency Assassin: Time Management Tactics for Working Smarter, Not Longer",Five,£20.59,Default,"Slay Procrastination, Distraction, and Overwhelm!Who doesnât want more time and energy for family, friends, and personal passions? Author Helene Segura coaches real people in the real world to operate more efficiently during the workday, so they can have a life outside it. Her engaging time management program caters to diverse learning styles, offering case studies that al Slay Procrastination, Distraction, and Overwhelm!Who doesnât want more time and energy for family, friends, and personal passions? Author Helene Segura coaches real people in the real world to operate more efficiently during the workday, so they can have a life outside it. Her engaging time management program caters to diverse learning styles, offering case studies that allow readers to self-diagnose and zero in on the strategies most appropriate for them. Anyone wanting to streamline workflow and improve productivity can employ her wonderfully doable techniques â for clearing task lists, handling reminder systems, scheduling a variety of priorities, and even managing emails and phone calls. Thanks to Seguraâs astute attention to personality, The Inefficiency Assassin meets readers where they are struggling and details quick and easy-to-implement strategies to, as Segura promises, âkick chaos to the curb.â ...more"
66,The Gutsy Girl: Escapades for Your Life of Epic Adventure,One,£37.13,Nonfiction,"Why should girls miss out on the joy of adventure? They can jump off rocks, swing on ropes, and climb trees just as well as boys can. But girls often allow fear to stand in their way.In The Gutsy Girl, author Caroline Paul emboldens girls to seek out a life of exhilaration. Once a young scaredy-cat herself, Caroline decided that fear got in the way of the life she wanted-- Why should girls miss out on the joy of adventure? They can jump off rocks, swing on ropes, and climb trees just as well as boys can. But girls often allow fear to stand in their way.In The Gutsy Girl, author Caroline Paul emboldens girls to seek out a life of exhilaration. Once a young scaredy-cat herself, Caroline decided that fear got in the way of the life she wanted--of excitement, confidence, self-reliance, friendship, and fun. She has since flown planes, rafted big rivers, climbed tall mountains, and fought fires as one of the first female firefighters in San Francisco. In The Gutsy Girl, she shares her greatest escapades as well as those of other girls and women from throughout history, and offers engaging activities such as confidence-building stances, creating a compass, positive self-talk, and using crickets to estimate outside temperatures. Each section includes a place for girls to âjournalâ their adventures, thus encouraging a new generation to develop a zest for challenges and a healthy relationship to risk. The Gutsy Girl is Lean In for young girls, a book about the glorious things that happen when you unshackle from fear and open up to exhilaration. Fully illustrated and enlivened throughout by bestselling illustrator Wendy MacNaughton's whimsical pen-and-ink drawings. ...more"
67,The Electric Pencil: Drawings from Inside State Hospital No. 3,One,£56.06,,
68,The Death of Humanity: and the Case for Life,Four,£58.11,Philosophy,"Do you believe human life is inherently valuable? Unfortunately, in the secularized age of state-sanctioned euthanasia and abortion-on-demand, many are losing faith in the simple value of human life. To the disillusioned, human beings are a cosmic accident whose intrinsic value is worth no more than other animals.The Death of Humanity explores our culture's declining respe Do you believe human life is inherently valuable? Unfortunately, in the secularized age of state-sanctioned euthanasia and abortion-on-demand, many are losing faith in the simple value of human life. To the disillusioned, human beings are a cosmic accident whose intrinsic value is worth no more than other animals.The Death of Humanity explores our culture's declining respect for the sanctity of human life, drawing on philosophy and history to reveal the dark road ahead for society if we lose our faith in human life. ...more"
69,"The Bulletproof Diet: Lose up to a Pound a Day, Reclaim Energy and Focus, Upgrade Your Life",Three,£49.05,Health,"In his midtwenties, Dave Asprey was a successful Silicon Valley multimillionaire. He also weighed 300 pounds, despite the fact that he was doing what doctors recommended: eating 1,800 calories a day and working out 90 minutes a day, six times a week. When his excess fat started causing brain fog and food cravings sapped his energy and willpower, Asprey turned to the same h In his midtwenties, Dave Asprey was a successful Silicon Valley multimillionaire. He also weighed 300 pounds, despite the fact that he was doing what doctors recommended: eating 1,800 calories a day and working out 90 minutes a day, six times a week. When his excess fat started causing brain fog and food cravings sapped his energy and willpower, Asprey turned to the same hacking techniques that made his fortune to ""hack"" his own biology, investing more than $300,000 and 15 years to uncover what was hindering his energy, performance, appearance, and happiness. From private brain EEG facilities to remote monasteries in Tibet, through radioactive brain scans, blood chemistry work, nervous system testing, and more, he explored traditional and alternative technologies to reach his physical and mental prime. The result? The Bulletproof Diet, an anti-inflammatory program for hunger-free, rapid weight loss and peak performance. The Bulletproof Diet will challengeâand changeâthe way you think about weight loss and wellness. You will skip breakfast, stop counting calories, eat high levels of healthy saturated fat, work out and sleep less, and add smart supplements.In doing so, you'll gain energy, build lean muscle, and watch the pounds melt off. By ditching traditional ""diet"" thinking, Asprey went from being overweight and sick in his twenties to maintaining a 100-pound weight loss, increasing his IQ, and feeling better than ever in his forties. The Bulletproof Diet is your blueprint to a better life. ...more"
70,The Art Forger,Three,£40.76,Add a comment,"On March 18, 1990, thirteen works of art today worth over $500 million were stolen from the Isabella Stewart Gardner Museum in Boston. It remains the largest unsolved art heist in history, and Claire Roth, a struggling young artist, is about to discover that thereâs more to this crime than meets the eye.Making a living reproducing famous artworks for a popular online retai On March 18, 1990, thirteen works of art today worth over $500 million were stolen from the Isabella Stewart Gardner Museum in Boston. It remains the largest unsolved art heist in history, and Claire Roth, a struggling young artist, is about to discover that thereâs more to this crime than meets the eye.Making a living reproducing famous artworks for a popular online retailer and desperate to improve her situation, Claire is lured into a Faustian bargain with Aiden Markel, a powerful gallery owner. She agrees to forge a paintingâa Degas masterpiece stolen from the Gardner Museumâin exchange for a one-woman show in his renowned gallery. But when that very same long-missing Degas painting is delivered to Claireâs studio, she begins to suspect that it may itself be a forgery.Her desperate search for the truth leads Claire into a labyrinth of deceit where secrets hidden since the late nineteenth century may be the only evidence that can now save her life. ...more"
71,The Age of Genius: The Seventeenth Century and the Birth of the Modern Mind,One,£19.73,History,"The Age of Genius explores the eventful intertwining of outward event and inner intellectual life to tell, in all its richness and depth, the story of the 17th century in Europe. It was a time of creativity unparalleled in history before or since, from science to the arts, from philosophy to politics. Acclaimed philosopher and historian A.C. Grayling points to three primar The Age of Genius explores the eventful intertwining of outward event and inner intellectual life to tell, in all its richness and depth, the story of the 17th century in Europe. It was a time of creativity unparalleled in history before or since, from science to the arts, from philosophy to politics. Acclaimed philosopher and historian A.C. Grayling points to three primary factors that led to the rise of vernacular (popular) languages in philosophy, theology, science, and literature; the rise of the individual as a general and not merely an aristocratic type; and the invention and application of instruments and measurement in the study of the natural world.Grayling vividly reconstructs this unprecedented era and breathes new life into the major figures of the seventeenth century intelligentsia who span literature, music, science, art, and philosophy--Shakespeare, Monteverdi, Galileo, Rembrandt, Locke, Newton, Descartes, Vermeer, Hobbes, Milton, and Cervantes, among many more. During this century, a fundamentally new way of perceiving the world emerged as reason rose to prominence over tradition, and the rights of the individual took center stage in philosophy and politics, a paradigmatic shift that would define Western thought for centuries to come. ...more"
72,The Activist's Tao Te Ching: Ancient Advice for a Modern Revolution,Five,£32.24,,
73,Spark Joy: An Illustrated Master Class on the Art of Organizing and Tidying Up,Four,£41.83,Nonfiction,"Marie Kondoâs unique KonMari Method of tidying up is nothing short of life-changingâand her first book, The Life-Changing Magic of Tidying Up, has become a worldwide sensation. In Spark Joy, Kondo presents an in-depth, illustrated manual on how to declutter and organize specific items throughout the house, from kitchen and bathroom items to work-related papers and hobby co Marie Kondoâs unique KonMari Method of tidying up is nothing short of life-changingâand her first book, The Life-Changing Magic of Tidying Up, has become a worldwide sensation. In Spark Joy, Kondo presents an in-depth, illustrated manual on how to declutter and organize specific items throughout the house, from kitchen and bathroom items to work-related papers and hobby collections. User-friendly line drawings illustrate Kondoâs patented folding method as it applies to shirts, pants, socks, and jackets, as well as images of properly organized drawers, closets, and cabinets. This book is perfect for anyone who wants a homeâand lifeâthat sparks joy. ...more"
74,Soul Reader,Two,£39.58,Default,Along with magic realism and a plethora of literary references throughout issues such as free will and identity flood the pages. What if your destiny was decided for you? What if you were meant for more?
75,Security,Two,£39.25,Horror,"âOriginal and imaginative . . . Ripping suspense, sheer terror, and a wrenching love story.â âSandra Brown, New York Times bestselling author of FrictionThe terrible truth about Manderley is that someone is always watching. Manderley Resort is a gleaming, new twenty-story hotel on the California coast. Itâs about to open its doors, and the world--at least those with the me âOriginal and imaginative . . . Ripping suspense, sheer terror, and a wrenching love story.â âSandra Brown, New York Times bestselling author of FrictionThe terrible truth about Manderley is that someone is always watching. Manderley Resort is a gleaming, new twenty-story hotel on the California coast. Itâs about to open its doors, and the world--at least those with the means to afford it--will be welcomed into a palace of opulence and unparalleled security. But someone is determined that Manderley will never open. The staff has no idea that their every move is being watched, and over the next twelve hours they will be killed off, one by one. Writing in the tradition of Edgar Allan Poe and Stephen King, and with a deep bow to Daphne du Maurier, author Gina Wohlsdorf pairs narrative ingenuity and razor-wire prose with quick twists, sharp turns, and gasp-inducing terror. Security is grand guignol storytelling at its very best. A shocking thriller, a brilliant narrative puzzle, and a multifaceted love story unlike any other, Security marks the debut of a fearless and gifted writer. âBe surprised, be very surprised: Gina Wohlsdorf brings more than just plot twists and a terrifically tender love story to this thriller . . . Itâs her playful homage to Hitchcock and du Maurier that had me reading, howling, and just plain loving this novel.â âSara Gruen, author of At the Waterâs Edge âGrand Hotel meets Psycho in the age of surveillance . . . Security is cinematically vivid, crisply written, and sharp enough to cut . . . Wohlsdorf brilliantly subverts our expectations of the action genre in this smart, shocking, poignant thriller.â âEmily Croy Barker, author of The Thinking Womanâs Guide to Real Magic âThe thrill of this novel goes beyond its wickedly clever,Â  split-screen, high-tech wizardryâa kind of video gamerâs literary retake of Hitchcockâs Rear Window--and emanatesÂ  from its strange, disembodied narrator . . . The effect is terrifying, sexy, dizzying, and impossible to look away from.â âTim Johnston, author of Descent âShocking and filled with Tarantino-ish dark humor. . . Structurally reminiscent of the amazing Jennifer Egan,Wohlsdorfâs book is certainly a hybrid, like nothing else. Get ready.â âAnn Beattie, author of The State Weâre In âFlawless . . . Security is perfectly tuned for blockbuster status . . . They donât make a hotel big enough to house all the people who will want to read this, and soon, as in Manderley, all eyes will be on Wohlsdorf.â âDaniel Kraus, Booklist, starred review Â  ...more"
76,"Saga, Volume 6 (Saga (Collected Editions) #6)",Three,£25.02,,
77,"Saga, Volume 5 (Saga (Collected Editions) #5)",Two,£51.04,,
78,Reskilling America: Learning to Labor in the Twenty-First Century,Two,£19.83,Nonfiction,"From Katherine Newman, award-winning author of No Shame in My Game, and sociologist Hella Winston, a sharp and irrefutable call to reenergize this nation's long-neglected system of vocational trainingAfter decades of off-shoring and downsizing that have left blue collar workers obsolete and stranded, the United States is now on the verge of an industrial renaissance. But w From Katherine Newman, award-winning author of No Shame in My Game, and sociologist Hella Winston, a sharp and irrefutable call to reenergize this nation's long-neglected system of vocational trainingAfter decades of off-shoring and downsizing that have left blue collar workers obsolete and stranded, the United States is now on the verge of an industrial renaissance. But we don't have a skilled enough labor pool to fill the positions that will be created, which are in many cases technically demanding and require specialized skills. A decades-long series of idealistic educational policies with the expressed goal of getting every student to go to college has left a generation of potential workers out of the system. Touted as a progressive, egalitarian institution providing opportunity even to those with the greatest need, the American secondary school system has in fact deepened existing inequalities.We can do better, argue acclaimed sociologists Katherine Newman and Hella Winston. Taking a page from the successful experience of countries like Germany and Austria, where youth unemployment is a mere 7%, they call for a radical reevaluation of the idea of vocational training, long discredited as an instrument of tracking. The United States can prepare a new, high-performance labor force if we revamp our school system to value industry apprenticeship and rigorous technical education. By doing so, we will not only be able to meet the growing demand for skilled employees in dozens of sectors where employers decry the absence of well trained workers -- we will make the American Dream accessible to all. ...more"
79,"Rat Queens, Vol. 3: Demons (Rat Queens (Collected Editions) #11-15)",Three,£50.40,,
